 SearchTerm,Profile
foster-carer,foster-carer
franchise-owner,franchise-owner
french-polisher,french-polisher
furniture-designer,furniture-designer
furniture-maker,furniture-maker
furniture-restorer,furniture-restorer
gamekeeper,gamekeeper
early-years-teacher,early-years-teacher
ecologist,ecologist
economic-development-officer,economic-development-officer
economist,economist
editorial-assistant,editorial-assistant
education-technician,education-technician
education-welfare-officer,education-welfare-officer
e-learning-developer,e-learning-developer
electrical-engineering-technician,electrical-engineering-technician
copy-editor,copy-editor
costume-designer,costume-designer
countryside-officer,countryside-officer
countryside-ranger,countryside-ranger
courier,courier
crane-driver,crane-driver
credit-controller,credit-controller
art-gallery-curator,art-gallery-curator
art-therapist,art-therapist
art-valuer,art-valuer
user-researcher,user-researcher
ux-designer,ux-designer
vet,vet
veterinary-nurse,veterinary-nurse
waiting-staff,waiting-staff
warehouse-worker,warehouse-worker
web-content-manager,web-content-manager
web-designer,web-designer
web-developer,web-developer
restaurant-manager,restaurant-manager
sales-representative,sales-representative
secondary-school-teacher,secondary-school-teacher
security-officer,security-officer
social-media-manager,social-media-manager
social-work-assistant,social-work-assistant
social-worker,social-worker
software-developer,software-developer
solicitor,solicitor
solutions-architect,solutions-architect
special-educational-needs-(sen)-teacher,special-educational-needs-(sen)-teacher
special-educational-needs-(sen)-teaching-assistant,special-educational-needs-(sen)-teaching-assistant
it-support-technician,it-support-technician
it-trainer,it-trainer
kitchen-assistant,kitchen-assistant
legal-executive,legal-executive
legal-secretary,legal-secretary
licensed-conveyancer,licensed-conveyancer
marketing-manager,marketing-manager
massage-therapist,massage-therapist
mechanical-engineer,mechanical-engineer
mental-health-nurse,mental-health-nurse
midwife,midwife
estate-agent,estate-agent
events-manager,events-manager
family-support-worker,family-support-worker
financial-adviser,financial-adviser
firefighter,firefighter
forensic-computer-analyst,forensic-computer-analyst
forensic-scientist,forensic-scientist
funeral-director,funeral-director
further-education-lecturer,further-education-lecturer
gp,gp
graphic-designer,graphic-designer
hairdresser,hairdresser
criminal-intelligence-analyst,criminal-intelligence-analyst
crown-prosecutor,crown-prosecutor
customer-service-assistant,customer-service-assistant
cyber-intelligence-officer,cyber-intelligence-officer
database-administrator,database-administrator
dental-hygienist,dental-hygienist
dental-nurse,dental-nurse
dentist,dentist
digital-delivery-manager,digital-delivery-manager
barrister's-clerk,barrister's-clerk
beauty-consultant,beauty-consultant
beauty-therapist,beauty-therapist
bin-worker,bin-worker
body-piercer,body-piercer
border-force-officer,border-force-officer
cake-decorator,cake-decorator
careers-adviser,careers-adviser
air-cabin-crew,air-cabin-crew
airline-pilot,airline-pilot
animator,animator
architect,architect
director-of-photography,director-of-photography
dispensing-optician,dispensing-optician
district-nurse,district-nurse
diver,diver
dj,dj
dog-groomer,dog-groomer
dog-handler,dog-handler
domestic-appliance-service-engineer,domestic-appliance-service-engineer
domestic-energy-assessor,domestic-energy-assessor
human-resources-manager,human-resources-manager
human-resources-officer,human-resources-officer
hypnotherapist,hypnotherapist
illustrator,illustrator
image-consultant,image-consultant
immigration-adviser-(non-government),immigration-adviser-(non-government)
immigration-officer,immigration-officer
indexer,indexer
occupational-therapy-support-worker,occupational-therapy-support-worker
oceanographer,oceanographer
online-tutor,online-tutor
operating-department-practitioner,operating-department-practitioner
operational-researcher,operational-researcher
optometrist,optometrist
order-picker,order-picker
ornithologist,ornithologist
orthoptist,orthoptist
osteopath,osteopath
production-manager-manufacturing-,production-manager-manufacturing-
tanker-driver,tanker-driver
publican,publican
shopkeeper,shopkeeper
nanotechnologist,nanotechnologist
jewellery-designer-maker,jewellery-designer-maker
ofsted-inspector,ofsted-inspector
forensic-psychologist,forensic-psychologist
naval-architect,naval-architect
mechanical-engineering-technician,mechanical-engineering-technician
sales-manager,sales-manager
arts-administrator,arts-administrator
retail-buyer,retail-buyer
advertising-art-director,advertising-art-director
osteopath,osteopath
orthoptist,orthoptist
lighting-technician,lighting-technician
roadie,roadie
prosthetist-orthotist,prosthetist-orthotist
structural-engineer,structural-engineer
tv-or-film-camera-operator,tv-or-film-camera-operator
outdoor-activities-instructor,outdoor-activities-instructor
podiatrist,podiatrist
insurance-broker,insurance-broker
make-up-artist,make-up-artist
civil-service-executive-officer,civil-service-executive-officer
leisure-centre-assistant,leisure-centre-assistant
pet-shop-assistant,pet-shop-assistant
groundsperson,groundsperson
town-planner,town-planner
museum-assistant,museum-assistant
video-editor,video-editor
resort-representative,resort-representative
hotel-room-attendant,hotel-room-attendant
dispensing-optician,dispensing-optician
management-accountant,management-accountant
civil-engineering-technician,civil-engineering-technician
swimming-teacher,swimming-teacher
medical-secretary,medical-secretary
health-promotion-specialist,health-promotion-specialist
hypnotherapist,hypnotherapist
tax-inspector,tax-inspector
pop-musician,pop-musician
retail-manager,retail-manager
sports-agent,sports-agent
large-goods-vehicle-driver,large-goods-vehicle-driver
acupuncturist,acupuncturist
kennel-worker,kennel-worker
qcf-assessor,qcf-assessor
cinema-or-theatre-attendant,cinema-or-theatre-attendant
automotive-engineer,automotive-engineer
geoscientist,geoscientist
welder,welder
school-crossing-patrol,school-crossing-patrol
data-analyst-statistician,data-analyst-statistician
school-nurse,school-nurse
chauffeur,chauffeur
actuary,actuary
horse-groom,horse-groom
health-trainer,health-trainer
banking-customer-service-adviser,banking-customer-service-adviser
foster-carer,foster-carer
sports-commentator,sports-commentator
dramatherapist,dramatherapist
geneticist,geneticist
forestry-worker,forestry-worker
museum-curator,museum-curator
hotel-manager,hotel-manager
rail-engineering-technician,rail-engineering-technician
library-assistant,library-assistant
archaeologist,archaeologist
nutritional-therapist,nutritional-therapist
fishing-boat-deckhand,fishing-boat-deckhand
archivist,archivist
nuclear-engineer,nuclear-engineer
tv-or-film-production-runner,tv-or-film-production-runner
housekeeper,housekeeper
economist,economist
pharmacologist,pharmacologist
yoga-teacher,yoga-teacher
translator,translator
youth-offending-team-officer,youth-offending-team-officer
design-and-development-engineer,design-and-development-engineer
care-home-manager,care-home-manager
family-mediator,family-mediator
victim-care-officer,victim-care-officer
physicist,physicist
research-scientist,research-scientist
illustrator,illustrator
radiography-assistant,radiography-assistant
airport-information-assistant,airport-information-assistant
astronaut,astronaut
coastguard,coastguard
sexual-health-adviser,sexual-health-adviser
maternity-support-worker,maternity-support-worker
sports-scientist,sports-scientist
mortgage-adviser,mortgage-adviser
health-and-safety-adviser,health-and-safety-adviser
headteacher,headteacher
bodyguard,bodyguard
mp,mp
train-conductor,train-conductor
art-therapist,art-therapist
assistant-immigration-officer,assistant-immigration-officer
airline-customer-service-agent,airline-customer-service-agent
anaesthetist,anaesthetist
pathologist,pathologist
sports-physiotherapist,sports-physiotherapist
actor,actor
life-coach,life-coach
surgeon,surgeon
nutritionist,nutritionist
scenes-of-crime-officer,scenes-of-crime-officer
dog-handler,dog-handler
district-nurse,district-nurse
ecologist,ecologist
animal-technician,animal-technician
blacksmith,blacksmith
cleaner,cleaner
animal-care-worker,animal-care-worker
health-visitor,health-visitor
rspca-inspector,rspca-inspector
ambulance-care-assistant,ambulance-care-assistant
astronomer,astronomer
school-lunchtime-supervisor,school-lunchtime-supervisor
dental-technician,dental-technician
fashion-designer,fashion-designer
librarian,librarian
building-surveyor,building-surveyor